,wl,Rs,Ts
0,1.0,0.20973017543566294,0.09348965729907449
1,0.9985007496251875,0.22527738497782623,0.08463717772733635
2,0.997005988023952,0.2367250752970928,0.07800482117053005
3,0.9955156950672647,0.2409957051177718,0.07364431590416222
4,0.9940298507462686,0.23627607659337882,0.07118000698409581
5,0.992548435171386,0.22267502667881436,0.06993861292904532
6,0.9910714285714287,0.20233414453403079,0.06914646287025573
7,0.9895988112927191,0.17894779541842304,0.06814087086557297
8,0.9881305637982196,0.15684462100312574,0.06654166750622646
9,0.9866666666666666,0.13991367353812356,0.06434198879730636
10,0.985207100591716,0.13068509730963782,0.06189996752479094
11,0.9837518463810931,0.12980152999153274,0.059838699154354726
12,0.9823008849557522,0.1359814348132177,0.05888416237242583
13,0.9808541973490428,0.14643334911216302,0.0596843760594547
14,0.9794117647058823,0.1575757502580245,0.0626551642994701
15,0.9779735682819384,0.16587189898056162,0.06788864414658348
16,0.9765395894428154,0.1685974986472507,0.0751428466017607
17,0.9751098096632503,0.16440013846277335,0.0839095169425335
18,0.9736842105263158,0.1535610715038369,0.09353756653720625
19,0.9722627737226277,0.13792005538751384,0.10337666315362866
20,0.9708454810495627,0.12047334327920442,0.11290208186879866
21,0.9694323144104804,0.10470939956391585,0.12178877780327192
22,0.9680232558139534,0.09380686742096117,0.12991771842396194
23,0.9666182873730044,0.08987215278214544,0.13731680675448704
24,0.9652173913043478,0.09341598673490115,0.1440571542964211
25,0.9638205499276411,0.1032357772180313,0.15013814299116646
26,0.96242774566474,0.11677498744071782,0.1553982156014003
27,0.961038961038961,0.13088986896756152,0.15948158352088937
28,0.9596541786743517,0.14281097752916586,0.16187567474531772
29,0.958273381294964,0.15099710381734688,0.16201414978711023
30,0.9568965517241379,0.15558678361548686,0.15942104101133314
31,0.9555236728837878,0.1582691325545683,0.1538583408835095
32,0.9541547277936963,0.16159036062687118,0.14543601873552922
33,0.9527896995708155,0.1679185334198201,0.1346512451690809
34,0.9514285714285714,0.17842871053250567,0.12234079257949812
35,0.9500713266761769,0.1924844670227956,0.10955277026271858
36,0.9487179487179488,0.20766583191019228,0.09736515165522704
37,0.9473684210526315,0.22046752371316422,0.08669315655466933
38,0.9460227272727273,0.22744590337626971,0.078131364173767
39,0.9446808510638297,0.2264203399401655,0.07186823967712742
40,0.943342776203966,0.2173020735997662,0.067692621275474
41,0.9420084865629421,0.20224676174717873,0.06508845130603672
42,0.9406779661016949,0.1850623526624818,0.0633918918592017
43,0.9393511988716503,0.17006547584868564,0.061969887732565614
44,0.9380281690140845,0.16077100237233544,0.06037520068461511
45,0.9367088607594937,0.15885163210629488,0.058440832560025295
46,0.9353932584269664,0.16370116277370583,0.056294164942075786
47,0.9340813464235624,0.17271842573146642,0.05429306459646995
48,0.9327731092436975,0.18218121013159752,0.0529065006211465
49,0.9314685314685314,0.1883912102052059,0.05257538735648329
50,0.9301675977653632,0.18870595650630595,0.05359208815103684
51,0.9288702928870294,0.1821464830577325,0.056029042653729266
52,0.9275766016713092,0.16944305982118532,0.059731112897722385
53,0.9262865090403338,0.15258437962093083,0.064367408608211
54,0.9249999999999999,0.13409212642612497,0.06952209394810667
55,0.9237170596393898,0.11630134931265242,0.07479451255377549
56,0.922437673130194,0.10087788449181885,0.0798791019934097
57,0.921161825726141,0.08867908360272106,0.08460435346604624
58,0.919889502762431,0.07992017474256392,0.0889243307291542
59,0.9186206896551724,0.07450278393704958,0.09287136278901717
60,0.9173553719008265,0.07232944905852408,0.0964898486060397
61,0.9160935350756533,0.07347004931861854,0.09977544935905425
62,0.9148351648351648,0.07813475178595304,0.10264039986276163
63,0.9135802469135803,0.08650036841574583,0.10491582088836277
64,0.9123287671232876,0.09849456309494282,0.10638919329655991
65,0.9110807113543092,0.1136465892724186,0.10686370233059148
66,0.9098360655737704,0.13107052833380348,0.10621950157794671
67,0.9085948158253752,0.14958260773787646,0.10445692797426818
68,0.9073569482288829,0.16789898675688267,0.10170799932266202
69,0.9061224489795918,0.18483681336909522,0.09821286174575283
70,0.9048913043478262,0.1994546449175564,0.09426879570052511
71,0.9036635006784259,0.2111065540678907,0.09016748785825388
72,0.9024390243902439,0.21942589873410182,0.0861391470436232
73,0.9012178619756428,0.2242797892088836,0.08231905463373967
74,0.8999999999999999,0.22573431849332395,0.07874452216089556
75,0.8987854251012146,0.2240480498353129,0.0753805856433974
76,0.8975741239892182,0.21968173636753102,0.07216418693797401
77,0.8963660834454913,0.21329256620018752,0.06905165871420572
78,0.8951612903225807,0.20568186280123996,0.06605433836072154
79,0.8939597315436241,0.19768556224807393,0.06325177259018457
80,0.8927613941018767,0.19002625997834457,0.06077951256533979
81,0.891566265060241,0.18316914681030547,0.058796432882303
82,0.8903743315508021,0.17722990745323527,0.05744238611025821
83,0.8891855807743659,0.17196760336816852,0.05679919348194153
84,0.888,0.16686657120879145,0.05686610265034857
85,0.8868175765645806,0.16128150614942208,0.057555827021673556
86,0.8856382978723404,0.15460196333848067,0.05871091980184443
87,0.8844621513944223,0.14639301360641363,0.06013457929183314
88,0.8832891246684351,0.13648527329589955,0.06162666099956478
89,0.8821192052980132,0.1250103445661685,0.06301542437655026
90,0.880952380952381,0.11239520544590414,0.0641780676456625
91,0.879788639365918,0.099333565926754,0.06504727099355676
92,0.8786279683377308,0.08674360530885278,0.06560526729967356
93,0.8774703557312253,0.07570716064768536,0.06587003778556925
94,0.8763157894736842,0.06737599109786076,0.06587931659683442
95,0.8751642575558476,0.06283434177094123,0.06567717949440463
96,0.874015748031496,0.06292468060774623,0.06530575537598879
97,0.872870249017038,0.06806794636149832,0.06480205874580205
98,0.8717277486910996,0.07812852403499262,0.0641980697233571
99,0.8705882352941177,0.09237579220059093,0.06352156443017609
100,0.8694516971279374,0.10957350588086755,0.06279584128358291
101,0.8683181225554106,0.12819040012338206,0.06203791367982218
102,0.8671875,0.14668372597949486,0.061256199865430946
103,0.8660598179453836,0.1637787109910421,0.060449546427987534
104,0.8649350649350649,0.17866400402861674,0.05960921298770316
105,0.8638132295719845,0.19104910457994304,0.05872431947101795
106,0.8626943005181347,0.20107605471265164,0.057789707862552435
107,0.8615782664941786,0.20912717043876317,0.05681387415487309
108,0.8604651162790696,0.21560437618595368,0.055824162737248766
109,0.8593548387096774,0.22076072979812145,0.05486703215319162
110,0.8582474226804124,0.22463920507602714,0.05400271339018359
111,0.8571428571428571,0.2271280390788291,0.0532954432396649
112,0.8560411311053985,0.22809422899005977,0.05280196874806363
113,0.8549422336328626,0.22752598643884578,0.05256160621615969
114,0.8538461538461538,0.22561311728894295,0.05259056478583486
115,0.852752880921895,0.222721774845403,0.05288171303236105
116,0.8516624040920716,0.21926561484101792,0.05340904538127387
117,0.8505747126436781,0.21552084358042192,0.054134516244982736
118,0.8494897959183673,0.21146003254667348,0.05501425892815038
119,0.8484076433121019,0.20667812306259756,0.056001750776790135
120,0.8473282442748092,0.2004541749234314,0.05704703088469909
121,0.8462515883100381,0.1919452219892262,0.05809303811478838
122,0.8451776649746193,0.1804613564475324,0.059071751325260186
123,0.8441064638783269,0.16574069379782752,0.05990341647367517
124,0.8430379746835442,0.14813944815599037,0.060501422690224446
125,0.8419721871049305,0.12867638197580267,0.06078350668420818
126,0.8409090909090908,0.10891341995237554,0.060687526199456235
127,0.8398486759142497,0.0907007017190067,0.06018789363735094
128,0.8387909319899244,0.07585013040442504,0.05930769724050904
129,0.8377358490566038,0.06581669496056208,0.058122028197739754
130,0.8366834170854272,0.061459158163769574,0.05675004485412794
131,0.835633626097867,0.06292607451006058,0.055336298774108506
132,0.8345864661654135,0.06967915526405719,0.05402493646206885
133,0.8335419274092615,0.08063420748072525,0.05293262632456663
134,0.8325,0.09437813900773814,0.052126734458018874
135,0.8314606741573034,0.10941224685319263,0.051614143554628115
136,0.8304239401496258,0.12437607852180865,0.05134347837051115
137,0.8293897882938979,0.13821842504653098,0.05122011699282614
138,0.8283582089552238,0.15029739925199426,0.05113018903151047
139,0.8273291925465839,0.16040591029875959,0.05096766564617263
140,0.826302729528536,0.16872985833677262,0.05065816503216913
141,0.8252788104089219,0.17575355060367165,0.050174277864685805
142,0.8242574257425743,0.1821308045533655,0.04953963416641324
143,0.8232385661310259,0.18854182965049104,0.048821842447693616
144,0.8222222222222222,0.19555581510819903,0.04811701398436774
145,0.8212083847102344,0.20351729858561096,0.04753018995063184
146,0.8201970443349753,0.21247076134749912,0.04715631059859702
147,0.8191881918819188,0.2221325777780775,0.04706549411235509
148,0.8181818181818181,0.23191294321094288,0.04729474183356687
149,0.8171779141104294,0.24098360358123053,0.04784632934312736
150,0.8161764705882354,0.24838115237978486,0.04869161873397584
151,0.8151774785801713,0.2531312330898327,0.04977818437726216
152,0.8141809290953546,0.2543767220908678,0.051038063759998635
153,0.8131868131868131,0.2514930091603028,0.052395461485536324
154,0.8121951219512195,0.24417568083122798,0.05377303418477826
155,0.8112058465286237,0.23248990249128357,0.05509663459427082
156,0.8102189781021898,0.21687611172467866,0.0562988591126417
157,0.8092345078979344,0.19811263997176962,0.05732184841213026
158,0.808252427184466,0.17724173416909983,0.058119612591720805
159,0.8072727272727273,0.15547017143885408,0.05865986167136419
160,0.8062953995157386,0.13405832561830425,0.05892509785913372
161,0.8053204353083434,0.11421160738150517,0.0589126809413887
162,0.8043478260869565,0.0969857712763309,0.05863372337444589
163,0.8033775633293123,0.08321351264386227,0.058110927399520125
164,0.8024096385542169,0.07345542432316045,0.05737571977104598
165,0.8014440433212997,0.06797511868462797,0.0564651643470903
166,0.8004807692307692,0.06673695178881844,0.05541909538478507
167,0.7995198079231693,0.06942516743290417,0.054277747547235015
168,0.7985611510791366,0.07548432925581644,0.05307994913986623
169,0.7976047904191617,0.08418108959338454,0.051861789035484496
170,0.7966507177033494,0.09468542065382786,0.05065562438634222
171,0.7956989247311828,0.10616520071774342,0.049489361697979545
172,0.7947494033412889,0.11788265058045315,0.04838605610270204
173,0.7938021454112038,0.12927676270974714,0.04736394577908614
174,0.7928571428571428,0.14001498256197867,0.046437004513972584
175,0.7919143876337694,0.15000153475908204,0.045615947489558106
176,0.7909738717339667,0.15933873155104814,0.044909423623062744
177,0.7900355871886121,0.16824916876441784,0.04432497712853218
178,0.7890995260663507,0.17697732248936068,0.043869363224666516
179,0.7881656804733728,0.18569498129284043,0.04354800435306211
180,0.7872340425531915,0.1944337644954869,0.04336373150332377
181,0.7863046044864227,0.2030596429820704,0.04331534257313855
182,0.7853773584905661,0.21129144009020057,0.043396755813407226
183,0.7844522968197879,0.2187520900046044,0.043597496526939575
184,0.7835294117647059,0.2250325689880517,0.04390487756544284
185,0.782608695652174,0.2297470194657425,0.04430759860823059
186,0.7816901408450704,0.23256407917602034,0.0447997970212807
187,0.7807737397420867,0.23321127610893008,0.04538409667862157
188,0.7798594847775175,0.2314619525533302,0.04607215107119113
189,0.7789473684210526,0.2271225646531946,0.046881669206551506
190,0.7780373831775702,0.22003890802825551,0.047829870938942434
191,0.7771295215869312,0.21013225385776713,0.04892448740410066
192,0.7762237762237763,0.19746311730165958,0.050154437306794315
193,0.7753201396973224,0.18230627387045387,0.05148281183081677
194,0.7744186046511627,0.16521107045827876,0.05284456125332912
195,0.7735191637630663,0.14701998797600768,0.0541502869438001
196,0.7726218097447796,0.12882684450652815,0.0552960375239158
197,0.7717265353418309,0.11187170569937584,0.056177404759605865
198,0.7708333333333333,0.09738766239148362,0.056704988870389716
199,0.769942196531792,0.08642941677551856,0.056817837440367024
200,0.76905311778291,0.07972040712045739,0.05649192000223468
201,0.7681660899653979,0.07755190189603405,0.05574196445549066
202,0.7672811059907835,0.07975520942482545,0.05461668421907522
203,0.766398158803222,0.08575069214922995,0.05318906100177548
204,0.7655172413793103,0.0946598083900402,0.05154443383558974
205,0.764638346727899,0.10545372334891899,0.049769373906817294
206,0.7637614678899083,0.117107092403609,0.04794366530252778
207,0.7628865979381444,0.12872880357160624,0.046136416389236344
208,0.7620137299771167,0.13965074864994634,0.04440584628725258
209,0.7611428571428571,0.14946758532217852,0.04280112503730138
210,0.7602739726027398,0.15803130518799247,0.04136417551410246
211,0.7594070695553021,0.16541160321704218,0.04012970606210807
212,0.7585421412300684,0.17183560404798098,0.03912278239872049
213,0.757679180887372,0.1776191620526148,0.03835457689176176
214,0.7568181818181818,0.18309851699907947,0.037818060992831484
215,0.7559591373439274,0.18856756456459872,0.0374859050080012
216,0.7551020408163265,0.19422381519599607,0.03731250220806133
217,0.7542468856172141,0.2001256768686574,0.037240912699730615
218,0.753393665158371,0.20616444591951671,0.03721396580793664
219,0.752542372881356,0.21205521313667236,0.03718726672204222
220,0.7516930022573364,0.21735070193699638,0.037140920081426686
221,0.7508455467869222,0.22148026328391143,0.037086741921013265
222,0.75,0.22381296686121668,0.03706864079712547
223,0.749156355455568,0.22373964296820198,0.037155474050542016
224,0.748314606741573,0.22076480071291224,0.03742757044123103
225,0.7474747474747475,0.2145964426520275,0.03795972145921515
226,0.7466367713004485,0.20522047044697103,0.038804331453383405
227,0.7458006718924972,0.19294685168189352,0.039978351155993214
228,0.7449664429530201,0.1784170058716322,0.041456650562512756
229,0.7441340782122905,0.16256591250681832,0.04317291926981921
230,0.7433035714285715,0.1465381522169507,0.04502746909460278
231,0.7424749163879598,0.13156418942954157,0.04689991529366565
232,0.7416481069042317,0.11881098825570913,0.04866395927212481
233,0.7408231368186874,0.10922820548005059,0.05020150121168548
234,0.74,0.10341585954708096,0.05141396058547308
235,0.7391786903440623,0.10153953925106268,0.05222969208061811
236,0.738359201773836,0.10331348710946735,0.05260740853546765
237,0.7375415282392027,0.10806023058205065,0.05253627022330115
238,0.7367256637168141,0.11483965347945456,0.05203362074304059
239,0.7359116022099448,0.12262406806657124,0.05114126360155562
240,0.7350993377483445,0.13048347845223107,0.049920838611299194
241,0.7342888643880926,0.13774091708186756,0.048448494061219864
242,0.7334801762114538,0.14406368925840712,0.046808851469796846
243,0.7326732673267327,0.1494718227471078,0.04508831698944097
244,0.7318681318681319,0.15426613632657044,0.043368071777683884
245,0.7310647639956093,0.15889910778489383,0.04171743237111196
246,0.7302631578947368,0.163825820501052,0.040188527665451314
247,0.7294633077765608,0.16937520822283858,0.03881324090368155
248,0.7286652078774617,0.17567261422028863,0.03760305675119207
249,0.7278688524590164,0.18262639709599054,0.03655189704789333
250,0.7270742358078603,0.1899701787177269,0.03564138341528047
251,0.7262813522355507,0.19733563970983206,0.03484742991600882
252,0.7254901960784313,0.2043242984785576,0.034146812372255954
253,0.7247007616974973,0.21055254825645908,0.033522459889435696
254,0.7239130434782609,0.2156598899038662,0.03296662890187163
255,0.723127035830619,0.21928952629395354,0.03248171011477457
256,0.7223427331887202,0.2210654957886057,0.03207899394779551
257,0.7215601300108342,0.2205949444608968,0.03177610803228126
258,0.7207792207792207,0.21751552334736626,0.03159394483575228
259,0.72,0.21158885905782876,0.03155372806658792
260,0.7192224622030239,0.20281850020795186,0.031674528580613745
261,0.7184466019417476,0.19155348346556514,0.03197119147916769
262,0.7176724137931034,0.17853411212517195,0.032452424053803074
263,0.7168998923573735,0.16484785951864728,0.03311880220074144
264,0.7161290322580646,0.15178798497314966,0.03396066883847431
265,0.7153598281417831,0.14063791553513508,0.034956220929105976
266,0.7145922746781116,0.13243058384288622,0.036070362155852916
267,0.7138263665594855,0.12774455406208068,0.037254995502067276
268,0.7130620985010706,0.12659295087260772,0.038451267377079205
269,0.7122994652406417,0.12843799791195568,0.03959387181438231
270,0.7115384615384615,0.13233020129143458,0.04061699156739551
271,0.7107790821771611,0.1371372078658264,0.041460960337925803
272,0.7100213219616204,0.1418035009940862,0.04207844279578262
273,0.7092651757188498,0.14557537866656026,0.04243895283122004
274,0.7085106382978724,0.14813754783687333,0.04253087472540959
275,0.7077577045696067,0.14963381874691256,0.04236072392702085
276,0.7070063694267515,0.15057633339736323,0.04195001928529481
277,0.706256627783669,0.15167588722011716,0.041330654109254204
278,0.7055084745762712,0.15364253766763175,0.040539907105166716
279,0.7047619047619048,0.15700736258993023,0.03961616842607232
280,0.7040169133192389,0.1620042994314389,0.03859611230869366
281,0.7032734952481521,0.16853066975269365,0.0375135484746587
282,0.7025316455696202,0.17618318926928014,0.03639968903868995
283,0.7017913593256059,0.1843492046319827,0.03528421925852946
284,0.7010526315789474,0.19232429404613866,0.03419644187620197
285,0.7003154574132492,0.19942772159272623,0.03316587789077843
286,0.6995798319327731,0.205094334327777,0.032221980671374266
287,0.6988457502623294,0.20893171896539792,0.031392944399278096
288,0.6981132075471698,0.210741263649362,0.03070385358796135
289,0.6973821989528796,0.21050886952295034,0.030174559428896693
290,0.696652719665272,0.20837468150065558,0.02981767082318698
291,0.6959247648902821,0.20459188877956777,0.029636955582998965
292,0.6951983298538622,0.19948348568771587,0.029626329465036128
293,0.694473409801877,0.193403866594441,0.029769528831599047
294,0.69375,0.18670976266804917,0.03004054243290715
295,0.6930280957336108,0.17974241217732606,0.030404898529229826
296,0.6923076923076923,0.17282002888702652,0.030821910299232747
297,0.6915887850467289,0.1662369260085737,0.031247914509942215
298,0.6908713692946058,0.16026378796633137,0.03164036321214356
299,0.6901554404145078,0.1551434210987414,0.031962365595381514
300,0.6894409937888198,0.15107837444235642,0.0321870024156356
301,0.688728024819028,0.1482108201370343,0.032300557998068975
302,0.6880165289256198,0.14659979333334047,0.03230383841549712
303,0.6873065015479876,0.14620445908762084,0.03221102300006716
304,0.6865979381443299,0.1468827173597769,0.03204600275209298
305,0.685890834191555,0.1484112804061368,0.03183678035507435
306,0.6851851851851852,0.15052690311475936,0.03160906959193948
307,0.6844809866392599,0.15298070895750193,0.03138055580123053
308,0.6837782340862423,0.1555913630468462,0.031157234419351504
309,0.6830769230769231,0.15828082807670038,0.03093280341301138
310,0.6823770491803278,0.1610799503008893,0.03069133988290178
311,0.6816786079836233,0.16409956559037664,0.030412635405035995
312,0.6809815950920245,0.16747368669328971,0.030078840805742
313,0.6802860061287027,0.17129100497826003,0.02968069595920168
314,0.6795918367346939,0.17553593004757345,0.029221716297904373
315,0.6788990825688073,0.18005864801702112,0.02871926027832556
316,0.6782077393075356,0.18458540612592436,0.028202258138372998
317,0.6775178026449643,0.18876791043222685,0.027706293725903827
318,0.676829268292683,0.19225832132760065,0.02726742893032692
319,0.6761421319796954,0.19478795315108458,0.026916437525311036
320,0.6754563894523327,0.19622625707682628,0.026674892859519735
321,0.6747720364741642,0.19660256316506314,0.026553906572382015
322,0.6740890688259109,0.19608449760155996,0.026555450119900056
323,0.673407482305359,0.19492028559277202,0.026675382115576907
324,0.6727272727272727,0.19336304908067586,0.026906808749760817
325,0.6720484359233098,0.19160030917872065,0.02724237857788908
326,0.6713709677419355,0.18970973812122036,0.02767456333809697
327,0.6706948640483383,0.18765365217580954,0.02819375642285996
328,0.670020120724346,0.1853126473378971,0.028784875681975127
329,0.6693467336683417,0.1825469882310955,0.029423805320876854
330,0.6686746987951807,0.1792664309740522,0.030075232825989427
331,0.6680040120361084,0.17548729137699914,0.030693143999162224
332,0.6673346693386774,0.17135999938169802,0.031224507453170566
333,0.6666666666666666,0.1671594442310784,0.031615725214494836
334,0.666,0.1632411827540028,0.03182053928057667
335,0.6653346653346653,0.15997583540670993,0.03180754128929512
336,0.6646706586826348,0.15767920182555026,0.03156540979416
337,0.6640079760717846,0.15655563778438114,0.031104517666833885
338,0.6633466135458167,0.1566674882452485,0.03045446894250289
339,0.6626865671641792,0.15793562060743563,0.02965817785466189
340,0.6620278330019881,0.16016778076186047,0.028763989417283038
341,0.6613704071499503,0.1631049438215378,0.02781780690739361
342,0.6607142857142857,0.16647264011578042,0.026857108126864728
343,0.6600594648166501,0.17002486870233316,0.025908132389424052
344,0.6594059405940594,0.17357199923358205,0.024986586593065793
345,0.658753709198813,0.17698953799811526,0.02410122748777226
346,0.658102766798419,0.18021004347495906,0.02325891421321815
347,0.6574531095755183,0.18320433246966822,0.02246940170952719
348,0.6568047337278107,0.18595959687962732,0.02174833826508256
349,0.6561576354679803,0.18846114882631157,0.021117562368060484
350,0.655511811023622,0.19068192705881387,0.020602662161241434
351,0.6548672566371682,0.1925807143174709,0.020228599921486887
352,0.6542239685658153,0.1941073058883723,0.020014766958504883
353,0.6535819430814525,0.19521135462982758,0.019970964513073723
354,0.6529411764705882,0.19585149081156258,0.02009548073759067
355,0.6523016650342801,0.19600227046642926,0.02037576578547636
356,0.6516634050880626,0.1956579363902189,0.020791407612072266
357,0.6510263929618768,0.19483324841535768,0.021318423993329956
358,0.650390625,0.1935623372695225,0.021933514801629125
359,0.6497560975609756,0.1918965781312836,0.02261696707102681
360,0.6491228070175439,0.1899020852257607,0.02335335153390911
361,0.6484907497565726,0.1876569596117768,0.024129854330966507
362,0.6478599221789882,0.18524818512444624,0.02493283979865252
363,0.6472303206997084,0.18276816627393877,0.02574381817567683
364,0.6466019417475729,0.1803112075033569,0.02653622834338889
365,0.6459747817652765,0.1779704756516487,0.027274273207004568
366,0.6453488372093023,0.175835921542216,0.02791451347304739
367,0.6447241045498547,0.17399319495249221,0.0284101833689473
368,0.6441005802707931,0.17252294166233434,0.02871744373798712
369,0.6434782608695653,0.17149936645773303,0.028802236151674963
370,0.6428571428571428,0.1709869308872218,0.028646191415922583
371,0.6422372227579556,0.17103469019477852,0.02825022823268919
372,0.6416184971098265,0.17166891202125267,0.027634999686201492
373,0.6410009624639076,0.1728858213508439,0.026838067297286813
374,0.6403846153846154,0.17464701716608896,0.025908418936258865
375,0.6397694524495677,0.17687986503548445,0.02489951583210861
376,0.6391554702495201,0.17948389411498825,0.023862323157000386
377,0.638542665388303,0.18234226925091945,0.022839696951133952
378,0.6379310344827587,0.18533547436254671,0.02186310553669694
379,0.6373205741626795,0.1883532322878635,0.020952068704032805
380,0.6367112810707457,0.1913009661680676,0.020116057538915592
381,0.6361031518624641,0.19409884951008594,0.01935806759703051
382,0.6354961832061068,0.19667418935488135,0.01867877665562224
383,0.6348903717826502,0.19895060133042272,0.01808018001080904
384,0.6342857142857143,0.2008391293362913,0.017567842989974124
385,0.6336822074215033,0.2022363939314965,0.017151340698313314
386,0.6330798479087452,0.20303287893071023,0.01684294920939761
387,0.6324786324786325,0.20313113151615306,0.01665508443106825
388,0.6318785578747628,0.20247002807904432,0.016597254030364116
389,0.6312796208530806,0.2010485769194395,0.01667334172267073
390,0.6306818181818181,0.19894195049690774,0.01687988733812477
391,0.630085146641438,0.19630391602542654,0.017205717988325972
392,0.6294896030245747,0.1933531823419223,0.017632916923966725
393,0.6288951841359773,0.19034541780051592,0.018138787181755094
394,0.6283018867924529,0.1875365595358105,0.018698258959826315
395,0.6277097078228087,0.1851454044980222,0.01928614713376589
396,0.6271186440677966,0.18332370083151983,0.019878785814181933
397,0.6265286923800564,0.1821400451956941,0.020454804390970707
398,0.6259398496240601,0.18158044078157942,0.020995089568466307
399,0.6253521126760564,0.18156436611856078,0.021482218977973106
400,0.624765478424015,0.18197170253379324,0.021899788134693496
401,0.6241799437675726,0.18267370595088392,0.02223205079364885
402,0.6235955056179775,0.18356081359714252,0.022464160798426957
403,0.6230121608980356,0.1845614062784935,0.02258308580902612
404,0.6224299065420561,0.18564825559870934,0.02257902728208586
405,0.6218487394957983,0.1868325669382436,0.022446997189668576
406,0.6212686567164178,0.18814849650135929,0.02218812335986354
407,0.6206896551724138,0.18963308014924501,0.0218103030489443
408,0.6201117318435755,0.19130720522966896,0.021327982062977473
409,0.6195348837209302,0.1931624611532111,0.02076105634722981
410,0.6189591078066915,0.19515666951270277,0.020133109417141706
411,0.6183844011142061,0.1972182018699543,0.019469349837353996
412,0.6178107606679035,0.19925662847615624,0.01879465668662807
413,0.6172381835032438,0.2011755872178784,0.018132069027786683
414,0.6166666666666667,0.20288355869651506,0.017501894145066987
415,0.6160962072155411,0.2042995740169048,0.016921411318342273
416,0.6155268022181145,0.20535333046026197,0.01640497563848094
417,0.6149584487534626,0.20598187390079592,0.01596423287733184
418,0.6143911439114391,0.20612688438596796,0.015608169071288378
419,0.6138248847926268,0.20573683474319376,0.015342830629404391
420,0.6132596685082873,0.20477659288600486,0.015170723998912698
421,0.6126954921803127,0.20324384779423185,0.015090079978853872
422,0.6121323529411764,0.2011881462872323,0.015094286801304879
423,0.6115702479338844,0.19872572453167422,0.015171815366097616
424,0.6110091743119267,0.19604289328326618,0.015306867521570186
425,0.6104491292392301,0.19338299059457062,0.015480797022920144
426,0.6098901098901098,0.19101639609085194,0.01567413431151983
427,0.6093321134492223,0.18919847150163474,0.01586885541143683
428,0.6087751371115174,0.1881247548054973,0.016050430820138233
429,0.6082191780821918,0.18789465796653623,0.016209207245137625
430,0.6076642335766423,0.18849344579186258,0.016340813826973125
431,0.6071103008204193,0.1897976856617456,0.016445510457498005
432,0.6065573770491803,0.19160302313032831,0.016526649086494316
433,0.6060054595086443,0.19366706322444927,0.016588631581179947
434,0.6054545454545455,0.19575626818923247,0.016634863136665973
435,0.6049046321525886,0.19768531708046014,0.01666618894906523
436,0.6043557168784028,0.19934034010239007,0.016680169267306134
437,0.6038077969174978,0.20068271097214616,0.016671331926478485
438,0.6032608695652174,0.20173579898780222,0.01663230083022792
439,0.6027149321266969,0.20256135960926716,0.016555496219368793
440,0.6021699819168174,0.20323383482570004,0.01643498699452733
441,0.6016260162601625,0.2038195557669746,0.01626806966288648
442,0.6010830324909747,0.20436455240236673,0.016056244710604906
443,0.6005410279531109,0.2048908825575653,0.0158054251817362
444,0.6000000000000001,0.2053986081254609,0.015525395217333166
445,0.5994599459945995,0.20586969670020538,0.015228689873049402
446,0.5989208633093525,0.20627122772793746,0.014929157189743466
447,0.5983827493261455,0.20655750589631558,0.014640476892800932
448,0.5978456014362658,0.2066727728572985,0.014374857952648375
449,0.5973094170403588,0.20655704729045987,0.014142047213024193
450,0.5967741935483871,0.20615673158421136,0.013948687360401443
451,0.5962399283795882,0.20543935423476425,0.013797993495240187
452,0.5957066189624329,0.20440919436787158,0.01368968856338868
453,0.5951742627345845,0.20311880201959295,0.013620147059172147
454,0.5946428571428573,0.201671505041413,0.01358272769879113
455,0.5941123996431757,0.20021207281074702,0.013568306372273523
456,0.5935828877005347,0.19890615359594174,0.013566030186422199
457,0.5930543187889581,0.19791269887800883,0.013564291506253085
458,0.5925266903914591,0.19735601520585763,0.013551871147339118
459,0.5920000000000001,0.197304440355224,0.013519138323165586
460,0.591474245115453,0.19776078611081718,0.013459144356989574
461,0.5909494232475598,0.1986662863337718,0.013368428836194306
462,0.5904255319148937,0.19991602570999437,0.013247383064980375
463,0.5899025686448185,0.2013809556719214,0.013100084977098966
464,0.5893805309734513,0.2029304844894341,0.012933617057318318
465,0.5888594164456233,0.20445043281228517,0.012756979994696107
466,0.588339222614841,0.2058533653823804,0.012579793565119572
467,0.587819947043248,0.20708100936687737,0.012411012396880524
468,0.5873015873015873,0.20810068215734667,0.012257869431419509
469,0.5867841409691631,0.20889873853343305,0.012125199613337231
470,0.5862676056338029,0.20947389107609357,0.012015207968735491
471,0.5857519788918205,0.20983222219528253,0.011927653317052207
472,0.5852372583479789,0.20998440959666065,0.01186034412639192
473,0.5847234416154522,0.20994470532929654,0.011809802042472893
474,0.5842105263157895,0.20973084070660059,0.011771946168887638
475,0.5836985100788782,0.20936421979761138,0.011742681112860998
476,0.5831873905429071,0.20887019705556098,0.01171832026424785
477,0.5826771653543307,0.20827853748656175,0.011695826305304812
478,0.5821678321678322,0.20762410736098877,0.01167288986825912
479,0.5816593886462883,0.20694747550047113,0.011647887393889729
480,0.581151832460733,0.2062946808058463,0.011619761074684288
481,0.5806451612903225,0.20571527553938349,0.011587853840605783
482,0.5801393728222997,0.20525810324043225,0.011551719825322144
483,0.5796344647519582,0.20496508157339186,0.011510923467530614
484,0.5791304347826087,0.20486423995273978,0.01146484189011936
485,0.578627280625543,0.20496397578482972,0.011412493695667242
486,0.578125,0.20525056427821264,0.01135242694188342
487,0.577623590633131,0.20569024514677586,0.011282702599899804
488,0.5771230502599654,0.20623589517002713,0.011201001931825619
489,0.5766233766233767,0.20683682269953593,0.01110486595815652
490,0.5761245674740485,0.20744912585163397,0.010992046574116189
491,0.5756266205704408,0.2080437561602384,0.01086091977815938
492,0.5751295336787565,0.20861005276393668,0.010710890846467544
493,0.5746333045729077,0.20915385171952824,0.010542715984271369
494,0.5741379310344827,0.2096908730048939,0.010358677306689422
495,0.5736434108527132,0.2102374155367585,0.010162574822968234
496,0.5731497418244406,0.2108010457233778,0.009959532919889234
497,0.5726569217540842,0.21137380602482636,0.009755650364279393
498,0.5721649484536083,0.21192963840523815,0.009557544131505192
499,0.5716738197424892,0.21242655073032413,0.009371844438671886
500,0.5711835334476844,0.212812934031187,0.009204692317105497
501,0.570694087403599,0.21303664702104688,0.009061277315478157
502,0.5702054794520548,0.21305512431219747,0.008945438880195266
503,0.5697177074422584,0.21284477172858143,0.008859346950770392
504,0.5692307692307692,0.21240813584248325,0.008803278006704619
505,0.5687446626814688,0.21177764350418649,0.00877551003981474
506,0.568259385665529,0.2110150569771955,0.008772367434145053
507,0.5677749360613811,0.21020622856673513,0.008788446601380465
508,0.5672913117546848,0.20945134211697972,0.008817039205641936
509,0.5668085106382978,0.20885161499766416,0.008850740345824271
510,0.5663265306122449,0.20849429670423938,0.008882188758166785
511,0.5658453695836874,0.20843850792865806,0.00890484512202574
512,0.565365025466893,0.20870473427035754,0.008913685880067588
513,0.5648854961832062,0.2092704061457735,0.008905685353220217
514,0.5644067796610169,0.21007292498185015,0.008879984709070969
515,0.5639288738357324,0.21101993184922901,0.0088377007430355
516,0.5634517766497462,0.2120049502630208,0.008781400061186028
517,0.5629754860524091,0.21292523877730699,0.008714338310334236
518,0.5625,0.2136981492822592,0.008639620700708108
519,0.5620253164556962,0.21427267481044698,0.00855946348402892
520,0.5615514333895447,0.21463407892422062,0.008474718333573841
521,0.561078348778433,0.2148011778402831,0.008384765137139701
522,0.5606060606060607,0.21481752349039682,0.008287796086403329
523,0.5601345668629101,0.21473897001038292,0.00818142468477193
524,0.5596638655462185,0.21462062313344094,0.008063478920223102
525,0.5591939546599496,0.21450592965519832,0.007932796215573138
526,0.5587248322147651,0.2144198350194314,0.007789838462482788
527,0.5582564962279967,0.21436682185763933,0.007636987463697695
528,0.5577889447236182,0.21433355579405833,0.007478453406045266
529,0.5573221757322175,0.21429503934693497,0.007319813653249076
530,0.55685618729097,0.21422271338479298,0.007167276228555557
531,0.556390977443609,0.21409283228301773,0.007026814937662252
532,0.5559265442404007,0.21389358858478122,0.006903341240036622
533,0.5554628857381151,0.2136297807643338,0.006800060623307384
534,0.5549999999999999,0.2133242385462217,0.006718115527347721
535,0.5545378850957535,0.21301571419944787,0.006656555566636817
536,0.5540765391014975,0.21275349666124413,0.00661261352551143
537,0.5536159600997507,0.21258956765122938,0.006582215077206477
538,0.553156146179402,0.21256961306427863,0.006560619536839857
539,0.5526970954356847,0.21272451446770435,0.0065430806552999494
540,0.5522388059701492,0.21306396449840947,0.006525427848962612
541,0.551781275890638,0.21357351946869813,0.006504493375313863
542,0.5513245033112583,0.21421575617585287,0.006478342767245571
543,0.5508684863523573,0.21493536881503117,0.006446298149265314
544,0.5504132231404959,0.21566722425568846,0.006408772655376703
545,0.5499587118084227,0.21634579710589266,0.006366956896621954
546,0.5495049504950494,0.2169141815402655,0.006322414548771099
547,0.5490519373454246,0.21733107295894316,0.0062766533929195
548,0.5485996705107085,0.21757466053102845,0.006230740070210604
549,0.5481481481481482,0.21764311079922757,0.006185020591120868
550,0.5476973684210525,0.21755205238952782,0.00613899362025991
551,0.5472473294987674,0.21733001333115795,0.006091360139992803
552,0.5467980295566502,0.21701300638778476,0.006040243541966206
553,0.546349466776046,0.21663938740062413,0.005983542906333222
554,0.5459016393442623,0.21624579514641748,0.0059193552134266135
555,0.5454545454545454,0.21586454088719273,0.005846385792027716
556,0.5450081833060556,0.21552238660605716,0.005764265275968588
557,0.544562551103843,0.2152403423648112,0.005673707442979365
558,0.5441176470588236,0.2150339842637203,0.0055764732225374635
559,0.5436734693877551,0.21491384593196625,0.005475145664160881
560,0.5432300163132137,0.214885619303711,0.005372759961632659
561,0.5427872860635696,0.21495013532511303,0.005272362544228641
562,0.5423452768729642,0.215103297172005,0.005176586622163331
563,0.5419039869812856,0.21533624052460307,0.005087325267429534
564,0.5414634146341464,0.21563596628009488,0.005005558897969039
565,0.5410235580828594,0.21598654358046912,0.004931358158503527
566,0.5405844155844156,0.21637076807567346,0.0048640446795453224
567,0.5401459854014599,0.21677195919380532,0.004802460398028271
568,0.539708265802269,0.21717546827909293,0.004745278219931962
569,0.5392712550607287,0.21756949821528654,0.00469128598976497
570,0.5388349514563107,0.21794501028458962,0.004639590574819081
571,0.5383993532740501,0.2182947697641385,0.0045897140198464855
572,0.5379644588045235,0.21861187272422086,0.0045415816690057755
573,0.5375302663438257,0.21888830445789365,0.0044954254849251364
574,0.5370967741935484,0.21911412733664434,0.004451639295205525
575,0.5366639806607574,0.2192777538140825,0.004410624579425424
576,0.536231884057971,0.21936746099560941,0.004372657454944014
577,0.5358004827031376,0.21937393114260795,0.004337794102858272
578,0.5353697749196142,0.21929326737433819,0.004305818279714226
579,0.5349397590361445,0.21912973492335175,0.0042762251595591955
580,0.5345104333868378,0.21889747319164662,0.004248232656028061
581,0.5340817963111467,0.21862061266135122,0.004220813961886957
582,0.5336538461538461,0.21833156022460762,0.004192750467529964
583,0.5332265812650121,0.21806760097646904,0.004162708681592797
584,0.5328,0.21786631376125712,0.004129345081118657
585,0.5323741007194244,0.21776054140495904,0.004091437662571959
586,0.5319488817891374,0.2177737567842885,0.004048033508553074
587,0.5315243415802076,0.21791661698645834,0.003998591209384316
588,0.5311004784688995,0.21818531716373935,0.003943089748502587
589,0.5306772908366534,0.2185620734143357,0.003882075181155087
590,0.5302547770700636,0.2190177175715219,0.0038166248337002454
591,0.5298329355608592,0.21951602158052022,0.003748224769240811
592,0.5294117647058824,0.2200190413949951,0.003678576168079699
593,0.5289912629070691,0.2204925453130552,0.003609364649069474
594,0.5285714285714286,0.2209105325503048,0.0035420379361144026
595,0.528152260111023,0.22125799544916652,0.0034776378231096043
596,0.5277337559429477,0.22153142939399842,0.0034167211931541495
597,0.5273159144893111,0.22173708689706398,0.0033593843163934895
598,0.5268987341772152,0.22188749287339896,0.003305379946574632
599,0.5264822134387351,0.22199714817142308,0.0032542943512872584
600,0.5260663507109005,0.2220785265050534,0.003205737331540026
601,0.5256511444356748,0.22213935465808748,0.0031594962870361795
602,0.525236593059937,0.22218178228977573,0.0031156159543952217
603,0.5248226950354611,0.22220350502138964,0.0030743856680138003
604,0.5244094488188976,0.22220036316894445,0.003036240388557205
605,0.5239968528717545,0.2221695576888787,0.0030016038327794173
606,0.5235849056603773,0.22211250943319216,0.0029707161445627606
607,0.5231736056559309,0.2220365544952127,0.0029434913223834536
608,0.52276295133438,0.221955044633249,0.0029194408594864227
609,0.5223529411764706,0.22188587591668746,0.0028976826075712676
610,0.5219435736677116,0.22184886000649431,0.002877032704702083
611,0.5215348472983555,0.2218625794811041,0.002856159120041088
612,0.5211267605633803,0.22194139849470135,0.002833762658651044
613,0.5207193119624707,0.22209316828421224,0.0028087477336535714
614,0.5203125,0.2223179512057616,0.002780350826303902
615,0.5199063231850117,0.2226078684463576,0.0027482069288676148
616,0.5195007800312013,0.2229480079432838,0.0027123495381468775
617,0.5190958690568979,0.22331822110558439,0.002673153815375465
618,0.5186915887850467,0.22369556821056874,0.002631242120784512
619,0.5182879377431907,0.2240571138339959,0.002587374697947192
620,0.5178849144634525,0.22438271387697278,0.002542346107031737
621,0.5174825174825175,0.22465739227231954,0.002496901851913248
622,0.517080745341615,0.22487291670027293,0.0024516820014284573
623,0.5166795965865012,0.22502828411580206,0.00240719181600325
624,0.5162790697674419,0.22512902477901645,0.0023637949753080797
625,0.5158791634391944,0.2251854903943266,0.002321723338985771
626,0.5154798761609907,0.22521053396550372,0.002281097618433207
627,0.5150812064965198,0.2252171326793598,0.002241954683653286
628,0.5146831530139104,0.22521649331948446,0.0022042782890956012
629,0.5142857142857143,0.2252170088754803,0.002168030111856666
630,0.5138888888888888,0.2252241611542562,0.0021331772426013153
631,0.5134926754047803,0.2252411828182718,0.002099711389320759
632,0.5130970724191063,0.22527010044405082,0.0020676550482749854
633,0.5127020785219399,0.22531273722261758,0.0020370515366574344
634,0.5123076923076924,0.22537135820007473,0.002007939195014354
635,0.5119139123750961,0.22544883341388744,0.00198031457195897
636,0.511520737327189,0.2255483868072817,0.0019540936634335235
637,0.511128165771297,0.22567311443064234,0.001929082737215574
638,0.5107361963190185,0.22582546170162401,0.0019049697156192712
639,0.5103448275862069,0.22600676966481997,0.0018813431347621797
640,0.5099540581929556,0.22621689754090452,0.001857739042763081
641,0.5095638867635807,0.22645387198598832,0.0018337085031586936
642,0.5091743119266056,0.22671353978834424,0.0018088918149559887
643,0.5087853323147441,0.22698929604047083,0.0017830821964765398
644,0.5083969465648855,0.2272720645610894,0.001756262770177635
645,0.5080091533180777,0.22755074670708056,0.0017286062636156202
646,0.5076219512195121,0.22781327857465425,0.0017004356274598746
647,0.5072353389185073,0.228048249503808,0.0016721534876706044
648,0.5068493150684932,0.22824680075939918,0.0016441563532344
649,0.5064638783269962,0.22840434130110746,0.0016167535474329836
650,0.506079027355623,0.22852157828066488,0.0015901097327242787
651,0.5056947608200456,0.228604502480146,0.0015642238907618978
652,0.5053110773899848,0.22866325864116058,0.0015389483034283428
653,0.5049279757391965,0.2287101685505494,0.0015140409806394099
654,0.5045454545454545,0.2287574361222432,0.0014892368201639289
655,0.5041635124905375,0.22881514936198322,0.0014643187170713054
656,0.5037821482602118,0.2288900719936609,0.001439170848234269
657,0.5034013605442177,0.22898543635706142,0.0014138019980728647
658,0.5030211480362539,0.22910161783228222,0.0013883353573611629
659,0.5026415094339622,0.22923731298611003,0.0013629702620151026
660,0.502262443438914,0.22939074642795118,0.001337928357899027
661,0.5018839487565938,0.22956051313868617,0.0013133998677323717
662,0.5015060240963856,0.2297458699904748,0.0012895043403686234
663,0.5011286681715575,0.22994652485075567,0.001266275113440503
664,0.5007518796992482,0.23016213808208583,0.0012436693959884432
665,0.5003756574004508,0.23039179590522274,0.0012215985699002487
666,0.5,0.23063364557937951,0.00119996806878347
667,0.49962490622655664,0.23088475649023246,0.001178714351806561
668,0.49925037481259377,0.23114116360516598,0.00115782832200494
669,0.498876404494382,0.23139801291728523,0.0011373592486460494
670,0.498502994011976,0.23164976800911777,0.0011173992786576235
671,0.4981301421091997,0.2318905118418129,0.0010980541384865228
672,0.49775784753363234,0.23211442599115883,0.0010794090990866518
673,0.4973861090365945,0.23231650319299407,0.001061499882997723
674,0.4970149253731343,0.23249344388618545,0.001044296015317339
675,0.4966442953020134,0.2326445484001343,0.0010277000472748246
676,0.496274217585693,0.23277231749895394,0.001011561475767036
677,0.4959046909903202,0.23288248107124937,0.0009957004366892264
678,0.49553571428571436,0.23298330993497837,0.0009799343630495943
679,0.4951672862453531,0.2330842910024652,0.0009641011080511
680,0.49479940564635955,0.23319447561607767,0.0009480741710606779
681,0.49443207126948774,0.23332094750291993,0.0009317687372926617
682,0.4940652818991098,0.23346783598696408,0.0009151401603198356
683,0.49369903632320244,0.23363612123918498,0.0008981783594981375
684,0.4933333333333333,0.2338242079655973,0.0008809019033516556
685,0.4929681717246484,0.23402898853206514,0.0008633544033976579
686,0.492603550295858,0.23424697688427254,0.0008456038375707487
687,0.49223946784922396,0.23447512215717176,0.000827743398081494
688,0.49187592319054657,0.2347110859130291,0.0008098912025098911
689,0.49151291512915124,0.23495300880204723,0.000792186183251284
690,0.4911504424778761,0.23519899640252978,0.000774778672191548
691,0.49078850405305824,0.23544663816472425,0.0007578161661883109
692,0.4904270986745214,0.23569281368332204,0.0007414267580565364
693,0.490066225165563,0.23593387820763526,0.0007257039970900908
694,0.48970588235294116,0.23616613818465235,0.0007106970023052965
695,0.48934606906686257,0.23638641264907292,0.0006964084139928564
696,0.4889867841409692,0.23659247342034598,0.0006828006096640891
697,0.4886280264123258,0.2367832537889973,0.0006698082294372091
698,0.4882697947214077,0.23695885026442914,0.0006573532435371904
699,0.4879120879120879,0.23712043824747162,0.0006453581649311718
700,0.48755490483162517,0.2372702283444822,0.0006337537931951667
701,0.48719824433065106,0.2374115053943385,0.000622479836218335
702,0.4868421052631579,0.23754866878232275,0.0006114792656900391
703,0.4864864864864865,0.23768710654546796,0.0006006895002607455
704,0.48613138686131385,0.23783274740849722,0.000590034730885549
705,0.48577680525164113,0.237991254782176,0.0005794234785628585
706,0.48542274052478135,0.2381670063972922,0.0005687538395915373
707,0.4850691915513474,0.23836215581018194,0.0005579263196457364
708,0.4847161572052402,0.2385761140266862,0.0005468614850431174
709,0.48436363636363633,0.23880568351058276,0.0005355177249826833
710,0.4840116279069767,0.23904585395834785,0.0005239038668552732
711,0.48366013071895425,0.2392910192567776,0.0005120824435056724
712,0.4833091436865022,0.2395362076567046,0.0005001618060597369
713,0.4829586656997825,0.23977791135170543,0.0004882783190412834
714,0.4826086956521739,0.24001426711758714,0.0004765726647206729
715,0.48225923244026064,0.24024460941996717,0.0004651659820613349
716,0.48191027496382055,0.24046867556402177,0.0004541416521365587
717,0.4815618221258135,0.24068587584613446,0.0004435369751525872
718,0.48121387283237,0.24089499136577616,0.00043334621642296807
719,0.48086642599277973,0.24109445120425027,0.00042353334055808865
720,0.4805194805194805,0.24128306442799727,0.0004140501308128371
721,0.48017303532804617,0.24146086549839313,0.0004048540677183569
722,0.4798270893371758,0.24162967136138974,0.0003959206913894152
723,0.47948164146868255,0.2417930701278511,0.00038724706900657217
724,0.479136690647482,0.2419558071877505,0.00037884584772066726
725,0.4787922358015816,0.24212279135876516,0.0003707323275282118
726,0.47844827586206895,0.24229809492971432,0.00036290915237816376
727,0.47810480976310116,0.24248430195731666,0.00035535394944657245
728,0.4777618364418939,0.24268238427052446,0.00034801433879491753
729,0.4774193548387096,0.24289204170316553,0.0003408124733305172
730,0.47707736389684813,0.24311224895437544,0.0003336583398400875
731,0.4767358625626342,0.2433416963456869,0.00032646833797128416
732,0.47639484978540764,0.2435789162389754,0.00031918396749225624
733,0.47605432451751256,0.24382209298928567,0.00031178529614590107
734,0.4757142857142857,0.24406875440849635,0.000304295295134843
735,0.4753747323340471,0.24431563276485746,0.0002967736950287452
736,0.47503566333808844,0.24455891448521974,0.00028930197332300477
737,0.47469707769066277,0.24479490117444247,0.00028196356836830087
738,0.4743589743589744,0.24502087731942726,0.0002748247029845271
739,0.4740213523131672,0.2452358379126701,0.00026792093266010013
740,0.47368421052631576,0.24544074963035145,0.000261252805475711
741,0.47334754797441364,0.24563820155068958,0.0002547913563806229
742,0.4730113636363636,0.2458315648501612,0.00024849134544020925
743,0.4726756564939674,0.24602400140072572,0.00024230800711824547
744,0.47234042553191485,0.24621773067937633,0.00023621221493739787
745,0.47200566973777464,0.24641384408248818,0.00023019960790303119
746,0.471671388101983,0.24661269714238884,0.0002242911531264164
747,0.47133757961783435,0.24681463310734073,0.00021852524253621766
748,0.47100424328147106,0.247020628316516,0.00021294395743320872
749,0.47067137809187276,0.2472324824635865,0.00020757784013108714
750,0.4703389830508474,0.24745239537439667,0.00020243390102674566
751,0.4700070571630205,0.24768207704680936,0.00019749057042654794
752,0.46967559943582504,0.2479217856353495,0.00019270119959261667
753,0.46934460887949264,0.24816975793549986,0.0001880051594725234
754,0.46901408450704224,0.24842234895070536,0.00018334333474945457
755,0.4686840253342716,0.2486748936092892,0.00017867352039693948
756,0.46835443037974683,0.2489229819850051,0.00017398126281357144
757,0.46802529866479264,0.2491636486311245,0.0001692830214287271
758,0.4676966292134832,0.24939600775028958,0.0001646207559830595
759,0.46736842105263154,0.24962110766120557,0.00016004951250615362
760,0.4670406732117812,0.24984112073946368,0.00015562157128973334
761,0.4667133847231955,0.2500582708948405,0.00015137166566266488
762,0.4663865546218487,0.2502739974536945,0.00014730742366588612
763,0.46606018194541643,0.2504887179102304,0.00014340764674837015
764,0.4657342657342657,0.25070224793711754,0.00013962877817316036
765,0.46540880503144655,0.2509146103179697,0.0001359175862033745
766,0.4650837988826816,0.25112677131873745,0.00013222635821085366
767,0.46475924633635723,0.25134087663049026,0.00012852625393022085
768,0.4644351464435147,0.2515598045210313,0.00012481506474448412
769,0.4641114982578397,0.2517861944020469,0.00012111727887256137
770,0.4637883008356546,0.2520213807769844,0.00011747657120038254
771,0.46346555323590816,0.2522647326163463,0.00011394298128307148
772,0.46314325452016686,0.2525137289215093,0.00011055850692337947
773,0.46282140375260605,0.2527647694306788,0.00010734522147482692
774,0.46249999999999997,0.2530143811478409,0.00010429923291065803
775,0.4621790423317141,0.25326029807858463,0.00010139208713970181
776,0.4618585298196949,0.2535019526131291,9.857907957596193e-05
777,0.46153846153846145,0.25374019577889506,9.581199020739592e-05
778,0.461218836565097,0.25397642863369374,9.305254596218508e-05
779,0.4608996539792387,0.2542116038535447,9.028276939366288e-05
780,0.4605809128630705,0.2544456109176094,8.750931705932258e-05
781,0.4602626123013131,0.25467736171489136,8.476065952427771e-05
782,0.45994475138121543,0.2549055385211329,8.207800130066561e-05
783,0.4596273291925466,0.2551296241395557,7.950260188971625e-05
784,0.4593103448275862,0.2553506726310073,7.7063146732988e-05
785,0.45899379738111645,0.25557138213045166,7.476676356674855e-05
786,0.45867768595041325,0.2557953557022868,7.259621596979093e-05
787,0.4583620096352374,0.2560258303068401,7.051404473138556e-05
788,0.45804676753782675,0.2562644282547641,6.847247175915524e-05
789,0.4577319587628866,0.25651050346062715,6.642627934016392e-05
790,0.4574175824175824,0.25676139992040015,6.43450706595104e-05
791,0.45710363761153056,0.25701352658530696,6.222151810617942e-05
792,0.45679012345679004,0.2572637745512753,6.007334336870723e-05
793,0.45647703906785475,0.25751064036621174,5.793851874229121e-05
794,0.4561643835616438,0.25775455489936516,5.586504139559748e-05
795,0.45585215605749485,0.2579972913529484,5.389809732656519e-05
796,0.4555403556771546,0.25824076389877515,5.2068104210645366e-05
797,0.455228981544771,0.25848582135430376,5.038283251578999e-05
798,0.4549180327868853,0.25873164507003765,4.882564945001199e-05
799,0.4546075085324232,0.25897606930806805,4.736024229771974e-05
800,0.4542974079126876,0.25921669058013497,4.594042651178509e-05
801,0.4539877300613497,0.25945223488707514,4.4522306164461376e-05
802,0.45367847411444134,0.25968350246946387,4.3075483145910286e-05
803,0.45336963921034723,0.25991338736706876,4.15903435466176e-05
804,0.4530612244897959,0.26014589695227713,4.007957377340378e-05
805,0.45275322909585314,0.2603845754386377,3.857365273879887e-05
806,0.4524456521739131,0.26063103641189006,3.711168923854174e-05
807,0.4521384928716904,0.2608842835031639,3.573018855270471e-05
808,0.4518317503392131,0.26114114923171416,3.4452823849791516e-05
809,0.45152542372881355,0.26139766829628713,3.328394318853682e-05
810,0.45121951219512196,0.2616507639937722,3.220747579853922e-05
811,0.45091401489505756,0.26189947465643276,3.119141569898038e-05
812,0.45060893098782134,0.26214515857021253,3.0196563580067536e-05
813,0.4503042596348885,0.2623905963192969,2.9187098034983184e-05
814,0.44999999999999996,0.2626384341185436,2.8140109671949085e-05
815,0.44969615124915596,0.26288973030645674,2.7051565404710985e-05
816,0.4493927125506073,0.26314332359415743,2.5937167746088073e-05
817,0.4490896830748482,0.263396350450783,2.482795545300121e-05
818,0.4487870619946092,0.26364568195680177,2.3761884043083633e-05
819,0.4484848484848485,0.26388959284575625,2.2773661268290878e-05
820,0.44818304172274565,0.26412884039465273,2.1885530145050727e-05
821,0.44788164088769333,0.26436659115512323,2.1101395914849347e-05
822,0.44758064516129026,0.26460717347351304,2.040577740739113e-05
823,0.4472800537273338,0.2648542003092805,1.976778082697384e-05
824,0.44697986577181203,0.26510892815372167,1.914898705052295e-05
825,0.44668008048289737,0.2653696332567801,1.8513151948084147e-05
826,0.44638069705093836,0.2656323261831416,1.783519258829397e-05
827,0.4460817146684527,0.2658925010062987,1.7107167552815854e-05
828,0.44578313253012053,0.26614712096680393,1.6339780437845673e-05
829,0.4454849498327759,0.26639591721915523,1.5559116175342632e-05
830,0.4451871657754011,0.26664138891965894,1.4799547218500283e-05
831,0.44488977955911824,0.2668875012858532,1.4094704040993144e-05
832,0.44459279038718286,0.2671376983036356,1.3468852747586976e-05
833,0.4442961974649767,0.2673931819174804,1.29308601719857e-05
834,0.444,0.2676522937338723,1.247221169841031e-05
835,0.44370419720186544,0.2679113153474205,1.2069477544748704e-05
836,0.4434087882822903,0.26816632122748335,1.1690482925893046e-05
837,0.44311377245508976,0.26841519865193203,1.130251960702991e-05
838,0.44281914893617025,0.26865884624998115,1.0880468106301963e-05
839,0.4425249169435216,0.26890093542081245,1.0412786242382831e-05
840,0.44223107569721115,0.2691462988280656,9.903920796944862e-06
841,0.4419376244193763,0.2693986771565856,9.372644967703922e-06
842,0.44164456233421745,0.26965888777559344,8.846863603584125e-06
843,0.4413518886679921,0.26992430840675413,8.356295173217617e-06
844,0.4410596026490066,0.27018996454672334,7.924922150985155e-06
845,0.44076770350761085,0.2704507505207595,7.565093607999512e-06
846,0.4404761904761905,0.2707037608929644,7.2746867195552875e-06
847,0.44018506278916053,0.27094963172908065,7.03792579469518e-06
848,0.4398943196829591,0.2711922382504331,6.829532980123756e-06
849,0.4396039603960396,0.2714368648166003,6.621077785814518e-06
850,0.4393139841688654,0.27168769376828117,6.387896756988932e-06
851,0.43902439024390244,0.2719458006089259,6.11487772174007e-06
852,0.4387351778656126,0.27220862234462034,5.799744841283211e-06
853,0.4384463462804477,0.2724711770956989,5.4531388669466225e-06
854,0.4381578947368421,0.2727284766246421,5.0955876888416985e-06
855,0.4378698224852071,0.27297798766599185,4.752206035504407e-06
856,0.4375821287779238,0.2732209500136271,4.446474433644548e-06
857,0.4372948128693368,0.27346188448386016,4.194615005587812e-06
858,0.4370078740157481,0.2737064827103018,4.001881263886105e-06
859,0.4367213114754098,0.27395885772907885,3.861574708445205e-06
860,0.436435124508519,0.2742194688549213,3.75692505619171e-06
861,0.4361493123772102,0.27448474426386743,3.6652896417100867e-06
862,0.4358638743455497,0.27474863407970607,3.563600937814874e-06
863,0.43557880967952917,0.2750054034934659,3.433736283404388e-06
864,0.43529411764705883,0.2752523602953298,3.2665497246512277e-06
865,0.4350097975179621,0.2754912077249811,3.0636648236836885e-06
866,0.4347258485639687,0.27572733882702366,2.8366846586095778e-06
867,0.4344422700587084,0.27596735788344656,2.604093492745114e-06
868,0.4341590612777054,0.27621597097996453,2.3866566927469725e-06
869,0.4338762214983713,0.27647371733646775,2.202449420585883e-06
870,0.43359375,0.27673664463307684,2.0626912475921657e-06
871,0.4333116460637606,0.2769981251918566,1.96933159252116e-06
872,0.4330299089726918,0.2772519877897332,1.9148843336205926e-06
873,0.43274853801169594,0.27749549011830893,1.8844625481890525e-06
874,0.43246753246753245,0.27773070040639997,1.859449857313121e-06
875,0.43218689162881246,0.27796358904745766,1.8218844971350815e-06
876,0.43190661478599224,0.2782012166493807,1.758505634417173e-06
877,0.4316267012313674,0.2784483302581824,1.663538687288602e-06
878,0.4313471502590674,0.27870499569748597,1.5396353990743115e-06
879,0.43106796116504853,0.2789664341112143,1.396843790452504e-06
880,0.4307891332470893,0.27922519719295497,1.2499470485307226e-06
881,0.4305106658047835,0.2794746915577931,1.1148683804509377e-06
882,0.4302325581395348,0.2797123871102245,1.0050125721584316e-06
883,0.4299548095545514,0.2799411536143539,9.283755989742303e-07
884,0.4296774193548387,0.2801680311933609,8.860253417488716e-07
885,0.42940038684719534,0.2804009585300652,8.722065529293696e-07
886,0.4291237113402062,0.28064497979964365,8.759421044282501e-07
887,0.4288473921442369,0.28089974206675494,8.83679910655204e-07
888,0.4285714285714286,0.2811595209119097,8.82338430034589e-07
889,0.4282958199356913,0.2814158274576222,8.620654554672335e-07
890,0.42802056555269924,0.281661409245872,8.181383123507174e-07
891,0.4277456647398844,0.28189375636439146,7.516593582830176e-07
892,0.4274711168164313,0.28211641417683914,6.689799649740933e-07
893,0.4271969211032714,0.28233741643777444,5.800557844685486e-07
894,0.4269230769230769,0.28256552118075373,4.961422455079117e-07
895,0.42664958360025623,0.2828060067396872,4.273467772418397e-07
896,0.4263764404609475,0.2830580414002631,3.80550794934522e-07
897,0.4261036468330134,0.28331493305804883,3.5810945089387735e-07
898,0.42583120204603586,0.28356721069752233,3.5755759875702606e-07
899,0.42555910543130987,0.2838071234140907,3.723347907023752e-07
900,0.42528735632183906,0.28403242309071414,3.933332999435345e-07
901,0.42501595405232934,0.2842475873548431,4.1091136318807095e-07
902,0.42474489795918363,0.284461826390067,4.1692996242227825e-07
903,0.4244741873804972,0.2846847517567003,4.0638140839073893e-07
904,0.42420382165605097,0.28492173670209214,3.78278980786832e-07
905,0.42393380012730747,0.28517120006472924,3.356469958782932e-07
906,0.4236641221374046,0.28542517681528895,2.846523865302995e-07
907,0.42339478703115063,0.2856729881581355,2.3310669226507856e-07
908,0.4231257941550191,0.2859063225884779,1.886982142091779e-07
909,0.4228571428571429,0.2861233122673721,1.573581420460455e-07
910,0.42258883248730966,0.2863296084419657,1.4211310868353358e-07
911,0.42232086239695626,0.28653585424760813,1.426452149169423e-07
912,0.42205323193916344,0.28675267659000997,1.55604477408329e-07
913,0.4217859404686511,0.2869855479748663,1.7554363998870497e-07
914,0.4215189873417721,0.2872319969976928,1.9621474382679504e-07
915,0.42125237191650855,0.28748258042022695,2.1190991408190187e-07
916,0.42098609355246525,0.28772525176505453,2.1855299675536143e-07
917,0.4207201516108654,0.2879511099678367,2.1433923105419183e-07
918,0.4204545454545455,0.28815878810256645,1.9984619307168452e-07
919,0.4201892744479495,0.2883553222835558,1.7766432039309586e-07
920,0.41992433795712486,0.2885529812358064,1.5168860720123428e-07
921,0.41965973534971646,0.2887634752066862,1.262575980881272e-07
922,0.4193954659949622,0.2889922706378154,1.053212346355303e-07
923,0.4191315292636879,0.28923576406244667,9.177852080369145e-08
924,0.4188679245283019,0.2894827649856032,8.70688483129539e-08
925,0.4186046511627907,0.28971969481321325,9.104507583113692e-08
926,0.4183417085427136,0.28993709351637553,1.0211277824801805e-07
927,0.4180790960451977,0.2901343223328271,1.1759045746500616e-07
928,0.41781681304893353,0.2903201323870227,1.3422584863149806e-07
929,0.41755485893416927,0.2905087014425415,1.4878856981742604e-07
930,0.41729323308270677,0.2907129233166915,1.5864751709004392e-07
931,0.4170319348778961,0.2909381182048369,1.622361947314644e-07
932,0.41677096370463074,0.29117922364031446,1.5931773762225107e-07
933,0.41651031894934337,0.2914229325752092,1.509899164892066e-07
934,0.41625,0.29165389334211334,1.3941918697732734e-07
935,0.4159900062460962,0.2918620914481467,1.2735343161949707e-07
936,0.4157303370786517,0.29204787199862076,1.1751949497389117e-07
937,0.4154709918902058,0.29222209522776216,1.1204550527675436e-07
938,0.41521197007481303,0.29240119800453224,1.1204555307588583e-07
939,0.41495327102803736,0.29259939569714494,1.1746268255597968e-07
940,0.41469489414694893,0.292821714928098,1.271958346392867e-07
941,0.4144368388301183,0.2930612616622616,1.3945855145059627e-07
942,0.4141791044776119,0.29330218430153643,1.522566728147544e-07
943,0.41392169049098826,0.29352707743297785,1.638483003896591e-07
944,0.41366459627329194,0.2937253788454844,1.7306867920260168e-07
945,0.4134078212290503,0.2938987195758682,1.7945678149377012e-07
946,0.413151364764268,0.2940605329014066,1.8318867598772046e-07
947,0.4128952262864228,0.2942299239436925,1.848805103459346e-07
948,0.412639405204461,0.29442258459952225,1.8535175748482403e-07
949,0.41238390092879257,0.29464306309973454,1.854304903594703e-07
950,0.41212871287128716,0.2948821833774972,1.8584473578560797e-07
951,0.41187384044526903,0.2951210383493826,1.8719610184146942e-07
952,0.41161928306551293,0.29533984063812574,1.89975200818389e-07
953,0.4113650401482397,0.29552750068055555,1.9456783773187171e-07
954,0.4111111111111111,0.2956873098183159,2.012189506345403e-07
955,0.4108574953732264,0.29583583824717025,2.099572076007587e-07
956,0.4106041923551172,0.29599535020255574,2.2051827791366632e-07
957,0.41035120147874304,0.29618319356413403,2.3232090137728173e-07
958,0.41009852216748777,0.2964032075607248,2.4453759694812067e-07
959,0.40984615384615386,0.29664338760797204,2.5626504648616963e-07
960,0.4095940959409594,0.2968811583015385,2.667535453185934e-07
961,0.4093423478795329,0.2970939622895777,2.7562117899128257e-07
962,0.40909090909090906,0.2972702141569317,2.8297319006610603e-07
963,0.40883977900552493,0.2974153176528265,2.8937519411568135e-07
964,0.4085889570552147,0.2975496522448349,2.95680887496724e-07
965,0.4083384426732066,0.2976992205709458,3.0277016907926554e-07
966,0.4080882352941177,0.29788323232107233,3.112892525634533e-07
967,0.4078383343539497,0.2981045380298186,3.2148481463653455e-07
968,0.4075887392900857,0.298347655386888,3.3318822771937244e-07
969,0.4073394495412844,0.2985856187635206,3.459474422020168e-07
970,0.4070904645476773,0.2987926484694217,3.592468032799369e-07
971,0.40684178375076363,0.29895670610002545,3.7272258317287976e-07
972,0.40659340659340654,0.29908584297142277,3.8628773752513634e-07
973,0.40634533251982924,0.2992050368743168,4.001208325087989e-07
974,0.40609756097560973,0.29934470332986474,4.145336016558535e-07
975,0.40585009140767825,0.29952614665270777,4.2978378525019876e-07
976,0.40560292326431185,0.2997508920718715,4.4592242077930615e-07
977,0.4053560559951308,0.2999992135985966,4.627479070223104e-07
978,0.40510948905109495,0.30023891091693605,4.798902603828643e-07
979,0.40486322188449847,0.3004404604239012,4.969893388578213e-07
980,0.4046172539489672,0.3005914334960977,5.138866679732777e-07
981,0.40437158469945356,0.30070316696246185,5.307416530783724e-07
982,0.404126213592233,0.3008061644664507,5.480139859368395e-07
983,0.40388114008489995,0.30093603630448673,5.663120508659653e-07
984,0.4036363636363636,0.3011164364603715,5.861670474445947e-07
985,0.40339188370684437,0.30134715132786194,6.078279019232599e-07
986,0.4031476997578693,0.3016033040851866,6.311665511696556e-07
987,0.4029038112522686,0.30184647801240144,6.557381347302447e-07
988,0.4026602176541717,0.3020428194090638,6.809747334855048e-07
989,0.402416918429003,0.30217961497724843,7.06432895098005e-07
990,0.40217391304347827,0.3022722573881525,7.319900682641882e-07
991,0.40193120096560053,0.30235786262626657,7.579050677238224e-07
992,0.40168878166465616,0.3024781251082786,7.847151577500671e-07
993,0.40144665461121154,0.3026593049103644,8.13013002951041e-07
994,0.40120481927710844,0.3028989280354677,8.431999283686345e-07
995,0.4009632751354606,0.3031658929669383,8.753239136600981e-07
996,0.40072202166064985,0.3034144403373916,9.090752980457895e-07
997,0.40048105832832226,0.30360574960328673,9.439447896712092e-07
998,0.4002403846153846,0.3037269990095313,9.794764229569534e-07
999,0.4,0.3037985677796753,1.0155042908739832e-06
